,last name,county,votes,state,winner
280,Sanders,Strafford,8916,NH,1.0
282,Klobuchar,Strafford,5178,NH,0.0
283,Warren,Strafford,2967,NH,0.0
284,Biden,Strafford,2250,NH,0.0
285,Steyer,Strafford,1075,NH,0.0
245,Sanders,Rockingham,15331,NH,1.0
247,Klobuchar,Rockingham,13736,NH,0.0
249,Biden,Rockingham,6069,NH,0.0
248,Warren,Rockingham,5928,NH,0.0
250,Steyer,Rockingham,2659,NH,0.0
210,Sanders,Merrimack,8636,NH,1.0
212,Klobuchar,Merrimack,7853,NH,0.0
213,Warren,Merrimack,3177,NH,0.0
214,Biden,Merrimack,2863,NH,0.0
215,Steyer,Merrimack,1294,NH,0.0
175,Sanders,Hillsborough,21659,NH,1.0
177,Klobuchar,Hillsborough,16701,NH,0.0
179,Biden,Hillsborough,7375,NH,0.0
178,Warren,Hillsborough,7266,NH,0.0
180,Steyer,Hillsborough,3165,NH,0.0
140,Sanders,Grafton,6580,NH,1.0
142,Klobuchar,Grafton,4280,NH,0.0
143,Warren,Grafton,3298,NH,0.0
144,Biden,Grafton,1657,NH,0.0
145,Steyer,Grafton,550,NH,0.0
105,Sanders,Coös,1562,NH,1.0
107,Klobuchar,Coös,937,NH,0.0
109,Biden,Coös,566,NH,0.0
108,Warren,Coös,395,NH,0.0
110,Steyer,Coös,226,NH,0.0
70,Sanders,Cheshire,5973,NH,1.0
72,Klobuchar,Cheshire,3616,NH,0.0
73,Warren,Cheshire,1816,NH,0.0
74,Biden,Cheshire,1265,NH,0.0
75,Steyer,Cheshire,651,NH,0.0
35,Sanders,Carroll,2605,NH,1.0
37,Klobuchar,Carroll,2464,NH,0.0
39,Biden,Carroll,1020,NH,0.0
38,Warren,Carroll,903,NH,0.0
40,Steyer,Carroll,322,NH,0.0
0,Sanders,Belknap,2670,NH,1.0
2,Klobuchar,Belknap,2383,NH,0.0
4,Biden,Belknap,1122,NH,0.0
3,Warren,Belknap,839,NH,0.0
5,Steyer,Belknap,488,NH,0.0
1330,Klobuchar,Worth,147,IA,1.0
1326,Sanders,Worth,87,IA,0.0
1327,Biden,Worth,73,IA,0.0
1329,Warren,Worth,60,IA,0.0
1335,Steyer,Worth,0,IA,0.0
1313,Sanders,Woodbury,1742,IA,1.0
1314,Biden,Woodbury,1211,IA,0.0
1316,Warren,Woodbury,786,IA,0.0
1317,Klobuchar,Woodbury,234,IA,0.0
1322,Steyer,Woodbury,0,IA,0.0
1304,Klobuchar,Winneshiek,397,IA,1.0
1300,Sanders,Winneshiek,333,IA,0.0
1303,Warren,Winneshiek,269,IA,0.0
1301,Biden,Winneshiek,64,IA,0.0
1309,Steyer,Winneshiek,0,IA,0.0
1290,Warren,Winnebago,105,IA,1.0
1287,Sanders,Winnebago,90,IA,0.0
1291,Klobuchar,Winnebago,90,IA,0.0
1288,Biden,Winnebago,60,IA,0.0
1296,Steyer,Winnebago,0,IA,0.0
1275,Biden,Webster,467,IA,1.0
1274,Sanders,Webster,417,IA,0.0
1277,Warren,Webster,150,IA,0.0
1278,Klobuchar,Webster,125,IA,0.0
1283,Steyer,Webster,33,IA,0.0
1265,Klobuchar,Wayne,98,IA,1.0
1264,Warren,Wayne,60,IA,0.0
1261,Sanders,Wayne,52,IA,0.0
1262,Biden,Wayne,38,IA,0.0
1270,Steyer,Wayne,0,IA,0.0
1248,Sanders,Washington,371,IA,1.0
1251,Warren,Washington,260,IA,0.0
1252,Klobuchar,Washington,241,IA,0.0
1249,Biden,Washington,186,IA,0.0
1257,Steyer,Washington,0,IA,0.0
1238,Warren,Warren,723,IA,1.0
1235,Sanders,Warren,607,IA,0.0
1236,Biden,Warren,513,IA,0.0
1239,Klobuchar,Warren,467,IA,0.0
1244,Steyer,Warren,0,IA,0.0
1222,Sanders,Wapello,531,IA,1.0
1223,Biden,Wapello,396,IA,0.0
1225,Warren,Wapello,279,IA,0.0
1231,Steyer,Wapello,9,IA,0.0
1226,Klobuchar,Wapello,0,IA,0.0
1209,Sanders,Van Buren,70,IA,1.0
1212,Warren,Van Buren,60,IA,0.0
1210,Biden,Van Buren,50,IA,0.0
1213,Klobuchar,Van Buren,0,IA,0.0
1218,Steyer,Van Buren,0,IA,0.0
1196,Sanders,Union,195,IA,1.0
1199,Warren,Union,82,IA,0.0
1197,Biden,Union,75,IA,0.0
1200,Klobuchar,Union,75,IA,0.0
1205,Steyer,Union,0,IA,0.0
1184,Biden,Taylor,60,IA,1.0
1183,Sanders,Taylor,50,IA,0.0
1186,Warren,Taylor,40,IA,0.0
1187,Klobuchar,Taylor,40,IA,0.0
1192,Steyer,Taylor,0,IA,0.0
1170,Sanders,Tama,324,IA,1.0
1171,Biden,Tama,233,IA,0.0
1173,Warren,Tama,116,IA,0.0
1174,Klobuchar,Tama,78,IA,0.0
1179,Steyer,Tama,26,IA,0.0
1157,Sanders,Story,2448,IA,1.0
1160,Warren,Story,2075,IA,0.0
1161,Klobuchar,Story,1702,IA,0.0
1158,Biden,Story,290,IA,0.0
1166,Steyer,Story,42,IA,0.0
1148,Klobuchar,Sioux,166,IA,1.0
1147,Warren,Sioux,158,IA,0.0
1144,Sanders,Sioux,131,IA,0.0
1145,Biden,Sioux,79,IA,0.0
1153,Steyer,Sioux,0,IA,0.0
1135,Klobuchar,Shelby,110,IA,1.0
1134,Warren,Shelby,85,IA,0.0
1131,Sanders,Shelby,75,IA,0.0
1132,Biden,Shelby,75,IA,0.0
1140,Steyer,Shelby,0,IA,0.0
1118,Sanders,Scott,3389,IA,1.0
1121,Warren,Scott,2067,IA,0.0
1119,Biden,Scott,1901,IA,0.0
1122,Klobuchar,Scott,1653,IA,0.0
1127,Steyer,Scott,0,IA,0.0
1109,Klobuchar,Satellite caucus 5,107,IA,1.0
1108,Warren,Satellite caucus 5,88,IA,0.0
1106,Biden,Satellite caucus 5,71,IA,0.0
1105,Sanders,Satellite caucus 5,56,IA,0.0
1114,Steyer,Satellite caucus 5,0,IA,0.0
1092,Sanders,Satellite caucus 4,301,IA,1.0
1096,Klobuchar,Satellite caucus 4,27,IA,0.0
1093,Biden,Satellite caucus 4,21,IA,0.0
1101,Steyer,Satellite caucus 4,10,IA,0.0
1095,Warren,Satellite caucus 4,3,IA,0.0
1079,Sanders,Satellite caucus 3,1245,IA,1.0
1080,Biden,Satellite caucus 3,298,IA,0.0
1083,Klobuchar,Satellite caucus 3,136,IA,0.0
1082,Warren,Satellite caucus 3,109,IA,0.0
1088,Steyer,Satellite caucus 3,0,IA,0.0
1066,Sanders,Satellite caucus 2,583,IA,1.0
1069,Warren,Satellite caucus 2,230,IA,0.0
1070,Klobuchar,Satellite caucus 2,129,IA,0.0
1067,Biden,Satellite caucus 2,68,IA,0.0
1075,Steyer,Satellite caucus 2,0,IA,0.0
1053,Sanders,Satellite caucus 1,365,IA,1.0
1057,Klobuchar,Satellite caucus 1,74,IA,0.0
1054,Biden,Satellite caucus 1,67,IA,0.0
1056,Warren,Satellite caucus 1,39,IA,0.0
1062,Steyer,Satellite caucus 1,7,IA,0.0
1040,Sanders,Sac,93,IA,1.0
1044,Klobuchar,Sac,73,IA,0.0
1041,Biden,Sac,53,IA,0.0
1043,Warren,Sac,53,IA,0.0
1049,Steyer,Sac,0,IA,0.0
1028,Biden,Ringgold,101,IA,1.0
1031,Klobuchar,Ringgold,56,IA,0.0
1030,Warren,Ringgold,49,IA,0.0
1027,Sanders,Ringgold,19,IA,0.0
1036,Steyer,Ringgold,0,IA,0.0
1014,Sanders,Poweshiek,504,IA,1.0
1017,Warren,Poweshiek,392,IA,0.0
1018,Klobuchar,Poweshiek,210,IA,0.0
1015,Biden,Poweshiek,56,IA,0.0
1023,Steyer,Poweshiek,0,IA,0.0
1001,Sanders,Pottawattamie,1272,IA,1.0
1004,Warren,Pottawattamie,900,IA,0.0
1002,Biden,Pottawattamie,660,IA,0.0
1005,Klobuchar,Pottawattamie,528,IA,0.0
1010,Steyer,Pottawattamie,24,IA,0.0
988,Sanders,Polk,10772,IA,1.0
991,Warren,Polk,8226,IA,0.0
989,Biden,Polk,5540,IA,0.0
992,Klobuchar,Polk,4141,IA,0.0
997,Steyer,Polk,28,IA,0.0
976,Biden,Pocahontas,66,IA,1.0
979,Klobuchar,Pocahontas,66,IA,0.0
975,Sanders,Pocahontas,30,IA,0.0
978,Warren,Pocahontas,24,IA,0.0
984,Steyer,Pocahontas,0,IA,0.0
963,Biden,Plymouth,225,IA,1.0
962,Sanders,Plymouth,202,IA,0.0
965,Warren,Plymouth,90,IA,0.0
966,Klobuchar,Plymouth,90,IA,0.0
971,Steyer,Plymouth,0,IA,0.0
950,Biden,Palo Alto,167,IA,1.0
949,Sanders,Palo Alto,92,IA,0.0
953,Klobuchar,Palo Alto,75,IA,0.0
952,Warren,Palo Alto,50,IA,0.0
958,Steyer,Palo Alto,0,IA,0.0
936,Sanders,Page,168,IA,1.0
940,Klobuchar,Page,112,IA,0.0
937,Biden,Page,88,IA,0.0
939,Warren,Page,48,IA,0.0
945,Steyer,Page,0,IA,0.0
926,Warren,Osceola,60,IA,1.0
927,Klobuchar,Osceola,60,IA,0.0
923,Sanders,Osceola,50,IA,0.0
924,Biden,Osceola,50,IA,0.0
932,Steyer,Osceola,0,IA,0.0
911,Biden,O Brien,87,IA,1.0
914,Klobuchar,O Brien,80,IA,0.0
910,Sanders,O Brien,65,IA,0.0
913,Warren,O Brien,44,IA,0.0
919,Steyer,O Brien,22,IA,0.0
897,Sanders,Muscatine,867,IA,1.0
898,Biden,Muscatine,417,IA,0.0
900,Warren,Muscatine,383,IA,0.0
901,Klobuchar,Muscatine,183,IA,0.0
906,Steyer,Muscatine,0,IA,0.0
884,Sanders,Montgomery,88,IA,1.0
885,Biden,Montgomery,72,IA,0.0
888,Klobuchar,Montgomery,48,IA,0.0
887,Warren,Montgomery,40,IA,0.0
893,Steyer,Montgomery,8,IA,0.0
872,Biden,Monroe,60,IA,1.0
871,Sanders,Monroe,55,IA,0.0
875,Klobuchar,Monroe,55,IA,0.0
874,Warren,Monroe,32,IA,0.0
880,Steyer,Monroe,5,IA,0.0
861,Warren,Monona,85,IA,1.0
859,Biden,Monona,75,IA,0.0
858,Sanders,Monona,65,IA,0.0
862,Klobuchar,Monona,45,IA,0.0
867,Steyer,Monona,20,IA,0.0
849,Klobuchar,Mitchell,202,IA,1.0
846,Biden,Mitchell,105,IA,0.0
848,Warren,Mitchell,75,IA,0.0
845,Sanders,Mitchell,60,IA,0.0
854,Steyer,Mitchell,0,IA,0.0
832,Sanders,Mills,171,IA,1.0
833,Biden,Mills,124,IA,0.0
835,Warren,Mills,93,IA,0.0
836,Klobuchar,Mills,78,IA,0.0
841,Steyer,Mills,0,IA,0.0
819,Sanders,Marshall,816,IA,1.0
820,Biden,Marshall,512,IA,0.0
822,Warren,Marshall,240,IA,0.0
823,Klobuchar,Marshall,112,IA,0.0
828,Steyer,Marshall,16,IA,0.0
806,Sanders,Marion,342,IA,1.0
810,Klobuchar,Marion,270,IA,0.0
807,Biden,Marion,216,IA,0.0
809,Warren,Marion,180,IA,0.0
815,Steyer,Marion,0,IA,0.0
793,Sanders,Mahaska,208,IA,1.0
796,Warren,Mahaska,128,IA,0.0
794,Biden,Mahaska,112,IA,0.0
797,Klobuchar,Mahaska,64,IA,0.0
802,Steyer,Mahaska,0,IA,0.0
783,Warren,Madison,180,IA,1.0
781,Biden,Madison,168,IA,0.0
784,Klobuchar,Madison,144,IA,0.0
780,Sanders,Madison,120,IA,0.0
789,Steyer,Madison,0,IA,0.0
771,Klobuchar,Lyon,90,IA,1.0
767,Sanders,Lyon,50,IA,0.0
768,Biden,Lyon,50,IA,0.0
770,Warren,Lyon,50,IA,0.0
776,Steyer,Lyon,0,IA,0.0
755,Biden,Lucas,124,IA,1.0
754,Sanders,Lucas,87,IA,0.0
758,Klobuchar,Lucas,51,IA,0.0
757,Warren,Lucas,36,IA,0.0
763,Steyer,Lucas,15,IA,0.0
741,Sanders,Louisa,120,IA,1.0
742,Biden,Louisa,100,IA,0.0
744,Warren,Louisa,100,IA,0.0
745,Klobuchar,Louisa,40,IA,0.0
750,Steyer,Louisa,0,IA,0.0
728,Sanders,Linn,5362,IA,1.0
731,Warren,Linn,3956,IA,0.0
729,Biden,Linn,2901,IA,0.0
732,Klobuchar,Linn,1978,IA,0.0
737,Steyer,Linn,0,IA,0.0
716,Biden,Lee,532,IA,1.0
715,Sanders,Lee,434,IA,0.0
718,Warren,Lee,224,IA,0.0
719,Klobuchar,Lee,98,IA,0.0
724,Steyer,Lee,0,IA,0.0
703,Biden,Kossuth,213,IA,1.0
706,Klobuchar,Kossuth,160,IA,0.0
702,Sanders,Kossuth,62,IA,0.0
705,Warren,Kossuth,36,IA,0.0
711,Steyer,Kossuth,9,IA,0.0
689,Sanders,Keokuk,91,IA,1.0
692,Warren,Keokuk,69,IA,0.0
690,Biden,Keokuk,57,IA,0.0
693,Klobuchar,Keokuk,46,IA,0.0
698,Steyer,Keokuk,0,IA,0.0
676,Sanders,Jones,256,IA,1.0
677,Biden,Jones,256,IA,0.0
680,Klobuchar,Jones,208,IA,0.0
679,Warren,Jones,112,IA,0.0
685,Steyer,Jones,0,IA,0.0
666,Warren,Johnson,5306,IA,1.0
663,Sanders,Johnson,5265,IA,0.0
667,Klobuchar,Johnson,1701,IA,0.0
664,Biden,Johnson,526,IA,0.0
672,Steyer,Johnson,0,IA,0.0
650,Sanders,Jefferson,589,IA,1.0
653,Warren,Jefferson,327,IA,0.0
651,Biden,Jefferson,65,IA,0.0
654,Klobuchar,Jefferson,44,IA,0.0
659,Steyer,Jefferson,0,IA,0.0
637,Sanders,Jasper,506,IA,1.0
638,Biden,Jasper,460,IA,0.0
640,Warren,Jasper,334,IA,0.0
641,Klobuchar,Jasper,150,IA,0.0
646,Steyer,Jasper,23,IA,0.0
625,Biden,Jackson,309,IA,1.0
628,Klobuchar,Jackson,189,IA,0.0
627,Warren,Jackson,154,IA,0.0
624,Sanders,Jackson,137,IA,0.0
633,Steyer,Jackson,17,IA,0.0
614,Warren,Iowa,260,IA,1.0
611,Sanders,Iowa,240,IA,0.0
612,Biden,Iowa,200,IA,0.0
615,Klobuchar,Iowa,40,IA,0.0
620,Steyer,Iowa,0,IA,0.0
599,Biden,Ida,90,IA,1.0
598,Sanders,Ida,45,IA,0.0
602,Klobuchar,Ida,45,IA,0.0
601,Warren,Ida,0,IA,0.0
607,Steyer,Ida,0,IA,0.0
586,Biden,Humboldt,124,IA,1.0
589,Klobuchar,Humboldt,80,IA,0.0
585,Sanders,Humboldt,36,IA,0.0
588,Warren,Humboldt,36,IA,0.0
594,Steyer,Humboldt,0,IA,0.0
573,Biden,Howard,100,IA,1.0
572,Sanders,Howard,86,IA,0.0
576,Klobuchar,Howard,71,IA,0.0
575,Warren,Howard,29,IA,0.0
581,Steyer,Howard,14,IA,0.0
559,Sanders,Henry,233,IA,1.0
560,Biden,Henry,167,IA,0.0
562,Warren,Henry,120,IA,0.0
563,Klobuchar,Henry,73,IA,0.0
568,Steyer,Henry,0,IA,0.0
546,Sanders,Harrison,196,IA,1.0
547,Biden,Harrison,140,IA,0.0
549,Warren,Harrison,93,IA,0.0
550,Klobuchar,Harrison,93,IA,0.0
555,Steyer,Harrison,0,IA,0.0
537,Klobuchar,Hardin,187,IA,1.0
534,Biden,Hardin,158,IA,0.0
536,Warren,Hardin,151,IA,0.0
533,Sanders,Hardin,137,IA,0.0
542,Steyer,Hardin,0,IA,0.0
524,Klobuchar,Hancock,120,IA,1.0
520,Sanders,Hancock,90,IA,0.0
521,Biden,Hancock,80,IA,0.0
523,Warren,Hancock,40,IA,0.0
529,Steyer,Hancock,0,IA,0.0
508,Biden,Hamilton,190,IA,1.0
510,Warren,Hamilton,170,IA,0.0
507,Sanders,Hamilton,150,IA,0.0
511,Klobuchar,Hamilton,120,IA,0.0
516,Steyer,Hamilton,0,IA,0.0
498,Klobuchar,Guthrie,154,IA,1.0
497,Warren,Guthrie,120,IA,0.0
495,Biden,Guthrie,69,IA,0.0
494,Sanders,Guthrie,60,IA,0.0
503,Steyer,Guthrie,0,IA,0.0
481,Sanders,Grundy,130,IA,1.0
482,Biden,Grundy,120,IA,0.0
485,Klobuchar,Grundy,120,IA,0.0
484,Warren,Grundy,40,IA,0.0
490,Steyer,Grundy,0,IA,0.0
468,Sanders,Greene,180,IA,1.0
472,Klobuchar,Greene,120,IA,0.0
469,Biden,Greene,72,IA,0.0
471,Warren,Greene,12,IA,0.0
477,Steyer,Greene,12,IA,0.0
455,Sanders,Fremont,75,IA,1.0
456,Biden,Fremont,68,IA,0.0
459,Klobuchar,Fremont,60,IA,0.0
458,Warren,Fremont,15,IA,0.0
464,Steyer,Fremont,0,IA,0.0
442,Sanders,Franklin,128,IA,1.0
443,Biden,Franklin,100,IA,0.0
446,Klobuchar,Franklin,89,IA,0.0
445,Warren,Franklin,39,IA,0.0
451,Steyer,Franklin,11,IA,0.0
433,Klobuchar,Floyd,233,IA,1.0
430,Biden,Floyd,222,IA,0.0
429,Sanders,Floyd,156,IA,0.0
432,Warren,Floyd,156,IA,0.0
438,Steyer,Floyd,0,IA,0.0
417,Biden,Fayette,276,IA,1.0
416,Sanders,Fayette,180,IA,0.0
419,Warren,Fayette,144,IA,0.0
420,Klobuchar,Fayette,132,IA,0.0
425,Steyer,Fayette,36,IA,0.0
403,Sanders,Emmet,80,IA,1.0
404,Biden,Emmet,69,IA,0.0
407,Klobuchar,Emmet,57,IA,0.0
406,Warren,Emmet,46,IA,0.0
412,Steyer,Emmet,34,IA,0.0
391,Biden,Dubuque,1707,IA,1.0
390,Sanders,Dubuque,1653,IA,0.0
393,Warren,Dubuque,1093,IA,0.0
394,Klobuchar,Dubuque,613,IA,0.0
399,Steyer,Dubuque,0,IA,0.0
378,Biden,Dickinson,225,IA,1.0
377,Sanders,Dickinson,200,IA,0.0
381,Klobuchar,Dickinson,188,IA,0.0
380,Warren,Dickinson,100,IA,0.0
386,Steyer,Dickinson,0,IA,0.0
364,Sanders,Des Moines,648,IA,1.0
365,Biden,Des Moines,504,IA,0.0
367,Warren,Des Moines,360,IA,0.0
368,Klobuchar,Des Moines,144,IA,0.0
373,Steyer,Des Moines,0,IA,0.0
355,Klobuchar,Delaware,218,IA,1.0
354,Warren,Delaware,195,IA,0.0
352,Biden,Delaware,188,IA,0.0
351,Sanders,Delaware,38,IA,0.0
360,Steyer,Delaware,15,IA,0.0
338,Sanders,Decatur,89,IA,1.0
341,Warren,Decatur,75,IA,0.0
342,Klobuchar,Decatur,56,IA,0.0
339,Biden,Decatur,52,IA,0.0
347,Steyer,Decatur,0,IA,0.0
326,Biden,Davis,84,IA,1.0
328,Warren,Davis,39,IA,0.0
329,Klobuchar,Davis,39,IA,0.0
325,Sanders,Davis,36,IA,0.0
334,Steyer,Davis,0,IA,0.0
313,Biden,Dallas,1160,IA,1.0
315,Warren,Dallas,1119,IA,0.0
312,Sanders,Dallas,829,IA,0.0
316,Klobuchar,Dallas,704,IA,0.0
321,Steyer,Dallas,0,IA,0.0
300,Biden,Crawford,240,IA,1.0
299,Sanders,Crawford,150,IA,0.0
303,Klobuchar,Crawford,75,IA,0.0
302,Warren,Crawford,30,IA,0.0
308,Steyer,Crawford,0,IA,0.0
286,Sanders,Clinton,775,IA,1.0
287,Biden,Clinton,775,IA,0.0
290,Klobuchar,Clinton,332,IA,0.0
289,Warren,Clinton,310,IA,0.0
295,Steyer,Clinton,0,IA,0.0
277,Klobuchar,Clayton,233,IA,1.0
273,Sanders,Clayton,183,IA,0.0
274,Biden,Clayton,167,IA,0.0
276,Warren,Clayton,33,IA,0.0
282,Steyer,Clayton,0,IA,0.0
261,Biden,Clay,216,IA,1.0
260,Sanders,Clay,160,IA,0.0
264,Klobuchar,Clay,141,IA,0.0
263,Warren,Clay,66,IA,0.0
269,Steyer,Clay,0,IA,0.0
247,Sanders,Clarke,88,IA,1.0
251,Klobuchar,Clarke,88,IA,0.0
248,Biden,Clarke,56,IA,0.0
250,Warren,Clarke,32,IA,0.0
256,Steyer,Clarke,0,IA,0.0
235,Biden,Chickasaw,154,IA,1.0
237,Warren,Chickasaw,119,IA,0.0
238,Klobuchar,Chickasaw,105,IA,0.0
234,Sanders,Chickasaw,49,IA,0.0
243,Steyer,Chickasaw,35,IA,0.0
221,Sanders,Cherokee,164,IA,1.0
222,Biden,Cherokee,153,IA,0.0
225,Klobuchar,Cherokee,76,IA,0.0
224,Warren,Cherokee,33,IA,0.0
230,Steyer,Cherokee,11,IA,0.0
212,Klobuchar,Cerro Gordo,744,IA,1.0
208,Sanders,Cerro Gordo,673,IA,0.0
209,Biden,Cerro Gordo,549,IA,0.0
211,Warren,Cerro Gordo,177,IA,0.0
217,Steyer,Cerro Gordo,0,IA,0.0
195,Sanders,Cedar,274,IA,1.0
199,Klobuchar,Cedar,240,IA,0.0
198,Warren,Cedar,223,IA,0.0
196,Biden,Cedar,154,IA,0.0
204,Steyer,Cedar,0,IA,0.0
183,Biden,Cass,132,IA,1.0
185,Warren,Cass,120,IA,0.0
182,Sanders,Cass,84,IA,0.0
186,Klobuchar,Cass,84,IA,0.0
191,Steyer,Cass,0,IA,0.0
170,Biden,Carroll,275,IA,1.0
173,Klobuchar,Carroll,209,IA,0.0
169,Sanders,Carroll,143,IA,0.0
172,Warren,Carroll,99,IA,0.0
178,Steyer,Carroll,0,IA,0.0
157,Biden,Calhoun,100,IA,1.0
156,Sanders,Calhoun,75,IA,0.0
159,Warren,Calhoun,67,IA,0.0
160,Klobuchar,Calhoun,58,IA,0.0
165,Steyer,Calhoun,0,IA,0.0
143,Sanders,Butler,175,IA,1.0
144,Biden,Butler,140,IA,0.0
146,Warren,Butler,128,IA,0.0
147,Klobuchar,Butler,117,IA,0.0
152,Steyer,Butler,0,IA,0.0
130,Sanders,Buena Vista,240,IA,1.0
131,Biden,Buena Vista,180,IA,0.0
133,Warren,Buena Vista,120,IA,0.0
134,Klobuchar,Buena Vista,120,IA,0.0
139,Steyer,Buena Vista,20,IA,0.0
118,Biden,Buchanan,383,IA,1.0
121,Klobuchar,Buchanan,219,IA,0.0
117,Sanders,Buchanan,150,IA,0.0
120,Warren,Buchanan,82,IA,0.0
126,Steyer,Buchanan,14,IA,0.0
107,Warren,Bremer,363,IA,1.0
105,Biden,Bremer,317,IA,0.0
108,Klobuchar,Bremer,272,IA,0.0
104,Sanders,Bremer,159,IA,0.0
113,Steyer,Bremer,0,IA,0.0
91,Sanders,Boone,532,IA,1.0
94,Warren,Boone,380,IA,0.0
95,Klobuchar,Boone,228,IA,0.0
92,Biden,Boone,152,IA,0.0
100,Steyer,Boone,19,IA,0.0
78,Sanders,Black Hawk,3171,IA,1.0
79,Biden,Black Hawk,1757,IA,0.0
81,Warren,Black Hawk,1737,IA,0.0
82,Klobuchar,Black Hawk,1030,IA,0.0
87,Steyer,Black Hawk,81,IA,0.0
66,Biden,Benton,465,IA,1.0
65,Sanders,Benton,352,IA,0.0
69,Klobuchar,Benton,150,IA,0.0
68,Warren,Benton,98,IA,0.0
74,Steyer,Benton,0,IA,0.0
53,Biden,Audubon,90,IA,1.0
56,Klobuchar,Audubon,90,IA,0.0
52,Sanders,Audubon,50,IA,0.0
55,Warren,Audubon,30,IA,0.0
61,Steyer,Audubon,0,IA,0.0
40,Biden,Appanoose,176,IA,1.0
39,Sanders,Appanoose,104,IA,0.0
43,Klobuchar,Appanoose,48,IA,0.0
48,Steyer,Appanoose,24,IA,0.0
42,Warren,Appanoose,8,IA,0.0
30,Klobuchar,Allamakee,140,IA,1.0
26,Sanders,Allamakee,109,IA,0.0
27,Biden,Allamakee,101,IA,0.0
29,Warren,Allamakee,54,IA,0.0
35,Steyer,Allamakee,8,IA,0.0
14,Biden,Adams,77,IA,1.0
17,Klobuchar,Adams,77,IA,0.0
13,Sanders,Adams,51,IA,0.0
16,Warren,Adams,43,IA,0.0
22,Steyer,Adams,0,IA,0.0
0,Sanders,Adair,102,IA,1.0
4,Klobuchar,Adair,86,IA,0.0
1,Biden,Adair,39,IA,0.0
3,Warren,Adair,31,IA,0.0
9,Steyer,Adair,16,IA,0.0
180,Sanders,Washoe,959,NV,1.0
183,Warren,Washoe,354,NV,0.0
184,Klobuchar,Washoe,220,NV,0.0
181,Biden,Washoe,165,NV,0.0
189,Steyer,Washoe,81,NV,0.0
168,Sanders,Storey,25,NV,1.0
169,Biden,Storey,11,NV,0.0
177,Steyer,Storey,9,NV,0.0
171,Warren,Storey,7,NV,0.0
172,Klobuchar,Storey,7,NV,0.0
165,Steyer,Pershing,13,NV,1.0
160,Klobuchar,Pershing,12,NV,0.0
156,Sanders,Pershing,9,NV,0.0
157,Biden,Pershing,9,NV,0.0
159,Warren,Pershing,5,NV,0.0
144,Sanders,Nye,41,NV,1.0
153,Steyer,Nye,38,NV,0.0
145,Biden,Nye,26,NV,0.0
147,Warren,Nye,7,NV,0.0
148,Klobuchar,Nye,5,NV,0.0
141,Steyer,Mineral,16,NV,1.0
132,Sanders,Mineral,13,NV,0.0
135,Warren,Mineral,5,NV,0.0
133,Biden,Mineral,4,NV,0.0
136,Klobuchar,Mineral,3,NV,0.0
120,Sanders,Lyon,58,NV,1.0
121,Biden,Lyon,20,NV,0.0
129,Steyer,Lyon,19,NV,0.0
123,Warren,Lyon,17,NV,0.0
124,Klobuchar,Lyon,11,NV,0.0
108,Sanders,Lincoln,24,NV,1.0
117,Steyer,Lincoln,6,NV,0.0
109,Biden,Lincoln,2,NV,0.0
111,Warren,Lincoln,0,NV,0.0
112,Klobuchar,Lincoln,0,NV,0.0
96,Sanders,Lander,26,NV,1.0
99,Warren,Lander,15,NV,0.0
97,Biden,Lander,7,NV,0.0
100,Klobuchar,Lander,5,NV,0.0
105,Steyer,Lander,3,NV,0.0
84,Sanders,Humboldt,40,NV,1.0
85,Biden,Humboldt,9,NV,0.0
88,Klobuchar,Humboldt,8,NV,0.0
87,Warren,Humboldt,5,NV,0.0
93,Steyer,Humboldt,5,NV,0.0
72,Sanders,Eureka,14,NV,1.0
73,Biden,Eureka,0,NV,0.0
75,Warren,Eureka,0,NV,0.0
76,Klobuchar,Eureka,0,NV,0.0
81,Steyer,Eureka,0,NV,0.0
60,Sanders,Esmeralda,11,NV,1.0
61,Biden,Esmeralda,2,NV,0.0
63,Warren,Esmeralda,2,NV,0.0
64,Klobuchar,Esmeralda,0,NV,0.0
69,Steyer,Esmeralda,0,NV,0.0
48,Sanders,Elko,42,NV,1.0
52,Klobuchar,Elko,17,NV,0.0
51,Warren,Elko,15,NV,0.0
49,Biden,Elko,9,NV,0.0
57,Steyer,Elko,0,NV,0.0
36,Sanders,Douglas,76,NV,1.0
40,Klobuchar,Douglas,38,NV,0.0
39,Warren,Douglas,26,NV,0.0
45,Steyer,Douglas,15,NV,0.0
37,Biden,Douglas,13,NV,0.0
24,Sanders,Clark,5293,NV,1.0
25,Biden,Clark,2623,NV,0.0
27,Warren,Clark,917,NV,0.0
33,Steyer,Clark,442,NV,0.0
28,Klobuchar,Clark,230,NV,0.0
12,Sanders,Churchill,31,NV,1.0
21,Steyer,Churchill,13,NV,0.0
13,Biden,Churchill,12,NV,0.0
16,Klobuchar,Churchill,9,NV,0.0
15,Warren,Churchill,8,NV,0.0
0,Sanders,Carson City,96,NV,1.0
4,Klobuchar,Carson City,33,NV,0.0
3,Warren,Carson City,19,NV,0.0
9,Steyer,Carson City,19,NV,0.0
1,Biden,Carson City,10,NV,0.0
484,Biden,Williamsburg,3681,SC,1.0
485,Sanders,Williamsburg,708,SC,0.0
486,Steyer,Williamsburg,605,SC,0.0
488,Warren,Williamsburg,94,SC,0.0
489,Klobuchar,Williamsburg,45,SC,0.0
473,Biden,Union,1295,SC,1.0
474,Sanders,Union,429,SC,0.0
475,Steyer,Union,321,SC,0.0
477,Warren,Union,72,SC,0.0
478,Klobuchar,Union,34,SC,0.0
462,Biden,Sumter,8371,SC,1.0
463,Sanders,Sumter,1671,SC,0.0
464,Steyer,Sumter,1666,SC,0.0
466,Warren,Sumter,384,SC,0.0
467,Klobuchar,Sumter,122,SC,0.0
451,Biden,Spartanburg,9944,SC,1.0
452,Sanders,Spartanburg,5850,SC,0.0
453,Steyer,Spartanburg,2904,SC,0.0
455,Warren,Spartanburg,1814,SC,0.0
456,Klobuchar,Spartanburg,749,SC,0.0
440,Biden,Saluda,782,SC,1.0
441,Sanders,Saluda,261,SC,0.0
442,Steyer,Saluda,242,SC,0.0
444,Warren,Saluda,51,SC,0.0
445,Klobuchar,Saluda,26,SC,0.0
429,Biden,Richland,30040,SC,1.0
430,Sanders,Richland,10218,SC,0.0
431,Steyer,Richland,7128,SC,0.0
433,Warren,Richland,4705,SC,0.0
434,Klobuchar,Richland,1084,SC,0.0
418,Biden,Pickens,2483,SC,1.0
419,Sanders,Pickens,2111,SC,0.0
420,Steyer,Pickens,892,SC,0.0
422,Warren,Pickens,811,SC,0.0
423,Klobuchar,Pickens,372,SC,0.0
407,Biden,Orangeburg,9079,SC,1.0
409,Steyer,Orangeburg,1686,SC,0.0
408,Sanders,Orangeburg,1388,SC,0.0
411,Warren,Orangeburg,369,SC,0.0
412,Klobuchar,Orangeburg,72,SC,0.0
396,Biden,Oconee,2180,SC,1.0
397,Sanders,Oconee,1390,SC,0.0
398,Steyer,Oconee,742,SC,0.0
400,Warren,Oconee,404,SC,0.0
401,Klobuchar,Oconee,401,SC,0.0
385,Biden,Newberry,1784,SC,1.0
386,Sanders,Newberry,482,SC,0.0
387,Steyer,Newberry,460,SC,0.0
389,Warren,Newberry,124,SC,0.0
390,Klobuchar,Newberry,83,SC,0.0
374,Biden,McCormick,730,SC,1.0
376,Steyer,McCormick,381,SC,0.0
375,Sanders,McCormick,207,SC,0.0
379,Klobuchar,McCormick,54,SC,0.0
378,Warren,McCormick,42,SC,0.0
363,Biden,Marlboro,1474,SC,1.0
365,Steyer,Marlboro,485,SC,0.0
364,Sanders,Marlboro,308,SC,0.0
367,Warren,Marlboro,35,SC,0.0
368,Klobuchar,Marlboro,34,SC,0.0
352,Biden,Marion,2714,SC,1.0
353,Sanders,Marion,619,SC,0.0
354,Steyer,Marion,506,SC,0.0
356,Warren,Marion,78,SC,0.0
357,Klobuchar,Marion,38,SC,0.0
341,Biden,Lexington,9692,SC,1.0
342,Sanders,Lexington,5738,SC,0.0
343,Steyer,Lexington,2822,SC,0.0
345,Warren,Lexington,2087,SC,0.0
346,Klobuchar,Lexington,793,SC,0.0
330,Biden,Lee,1875,SC,1.0
332,Steyer,Lee,362,SC,0.0
331,Sanders,Lee,332,SC,0.0
334,Warren,Lee,53,SC,0.0
335,Klobuchar,Lee,11,SC,0.0
319,Biden,Laurens,2406,SC,1.0
320,Sanders,Laurens,993,SC,0.0
321,Steyer,Laurens,745,SC,0.0
323,Warren,Laurens,244,SC,0.0
324,Klobuchar,Laurens,120,SC,0.0
308,Biden,Lancaster,4328,SC,1.0
309,Sanders,Lancaster,1688,SC,0.0
312,Warren,Lancaster,566,SC,0.0
313,Klobuchar,Lancaster,422,SC,0.0
310,Steyer,Lancaster,365,SC,0.0
297,Biden,Kershaw,3547,SC,1.0
298,Sanders,Kershaw,1079,SC,0.0
299,Steyer,Kershaw,890,SC,0.0
301,Warren,Kershaw,305,SC,0.0
302,Klobuchar,Kershaw,143,SC,0.0
286,Biden,Jasper,1788,SC,1.0
288,Steyer,Jasper,571,SC,0.0
287,Sanders,Jasper,543,SC,0.0
290,Warren,Jasper,122,SC,0.0
291,Klobuchar,Jasper,110,SC,0.0
275,Biden,Horry,13281,SC,1.0
276,Sanders,Horry,6757,SC,0.0
277,Steyer,Horry,3841,SC,0.0
279,Warren,Horry,1724,SC,0.0
280,Klobuchar,Horry,1269,SC,0.0
264,Biden,Hampton,1116,SC,1.0
266,Steyer,Hampton,541,SC,0.0
265,Sanders,Hampton,318,SC,0.0
268,Warren,Hampton,40,SC,0.0
269,Klobuchar,Hampton,18,SC,0.0
253,Biden,Greenwood,2680,SC,1.0
255,Steyer,Greenwood,1084,SC,0.0
254,Sanders,Greenwood,1056,SC,0.0
257,Warren,Greenwood,239,SC,0.0
258,Klobuchar,Greenwood,165,SC,0.0
242,Biden,Greenville,20628,SC,1.0
243,Sanders,Greenville,13364,SC,0.0
244,Steyer,Greenville,5769,SC,0.0
246,Warren,Greenville,5202,SC,0.0
247,Klobuchar,Greenville,2351,SC,0.0
231,Biden,Georgetown,4776,SC,1.0
232,Sanders,Georgetown,1574,SC,0.0
233,Steyer,Georgetown,1018,SC,0.0
235,Warren,Georgetown,376,SC,0.0
236,Klobuchar,Georgetown,327,SC,0.0
220,Biden,Florence,8676,SC,1.0
221,Sanders,Florence,2635,SC,0.0
222,Steyer,Florence,1877,SC,0.0
224,Warren,Florence,607,SC,0.0
225,Klobuchar,Florence,221,SC,0.0
209,Biden,Fairfield,2352,SC,1.0
211,Steyer,Fairfield,774,SC,0.0
210,Sanders,Fairfield,428,SC,0.0
213,Warren,Fairfield,88,SC,0.0
214,Klobuchar,Fairfield,47,SC,0.0
198,Biden,Edgefield,1327,SC,1.0
199,Sanders,Edgefield,419,SC,0.0
200,Steyer,Edgefield,370,SC,0.0
202,Warren,Edgefield,89,SC,0.0
203,Klobuchar,Edgefield,44,SC,0.0
187,Biden,Dorchester,7657,SC,1.0
188,Sanders,Dorchester,3494,SC,0.0
189,Steyer,Dorchester,1509,SC,0.0
191,Warren,Dorchester,1189,SC,0.0
192,Klobuchar,Dorchester,403,SC,0.0
176,Biden,Dillon,1485,SC,1.0
177,Sanders,Dillon,362,SC,0.0
178,Steyer,Dillon,319,SC,0.0
180,Warren,Dillon,39,SC,0.0
181,Klobuchar,Dillon,38,SC,0.0
165,Biden,Darlington,4231,SC,1.0
166,Sanders,Darlington,1105,SC,0.0
167,Steyer,Darlington,911,SC,0.0
169,Warren,Darlington,208,SC,0.0
170,Klobuchar,Darlington,86,SC,0.0
154,Biden,Colleton,2318,SC,1.0
155,Sanders,Colleton,679,SC,0.0
156,Steyer,Colleton,526,SC,0.0
158,Warren,Colleton,174,SC,0.0
159,Klobuchar,Colleton,73,SC,0.0
143,Biden,Clarendon,2714,SC,1.0
144,Sanders,Clarendon,487,SC,0.0
145,Steyer,Clarendon,434,SC,0.0
147,Warren,Clarendon,83,SC,0.0
148,Klobuchar,Clarendon,61,SC,0.0
132,Biden,Chesterfield,1825,SC,1.0
133,Sanders,Chesterfield,537,SC,0.0
134,Steyer,Chesterfield,225,SC,0.0
136,Warren,Chesterfield,76,SC,0.0
137,Klobuchar,Chesterfield,44,SC,0.0
121,Biden,Chester,2033,SC,1.0
122,Sanders,Chester,633,SC,0.0
123,Steyer,Chester,223,SC,0.0
125,Warren,Chester,88,SC,0.0
126,Klobuchar,Chester,58,SC,0.0
110,Biden,Cherokee,1812,SC,1.0
111,Sanders,Cherokee,673,SC,0.0
112,Steyer,Cherokee,347,SC,0.0
114,Warren,Cherokee,106,SC,0.0
115,Klobuchar,Cherokee,66,SC,0.0
99,Biden,Charleston,28292,SC,1.0
100,Sanders,Charleston,12245,SC,0.0
103,Warren,Charleston,6932,SC,0.0
101,Steyer,Charleston,4734,SC,0.0
104,Klobuchar,Charleston,2302,SC,0.0
88,Biden,Calhoun,1118,SC,1.0
90,Steyer,Calhoun,302,SC,0.0
89,Sanders,Calhoun,288,SC,0.0
92,Warren,Calhoun,42,SC,0.0
93,Klobuchar,Calhoun,34,SC,0.0
77,Biden,Berkeley,10569,SC,1.0
78,Sanders,Berkeley,4597,SC,0.0
79,Steyer,Berkeley,2029,SC,0.0
81,Warren,Berkeley,1495,SC,0.0
82,Klobuchar,Berkeley,527,SC,0.0
66,Biden,Beaufort,10911,SC,1.0
67,Sanders,Beaufort,3644,SC,0.0
68,Steyer,Beaufort,2937,SC,0.0
70,Warren,Beaufort,1648,SC,0.0
71,Klobuchar,Beaufort,1308,SC,0.0
55,Biden,Barnwell,1068,SC,1.0
57,Steyer,Barnwell,308,SC,0.0
56,Sanders,Barnwell,274,SC,0.0
59,Warren,Barnwell,49,SC,0.0
60,Klobuchar,Barnwell,26,SC,0.0
44,Biden,Bamberg,1099,SC,1.0
46,Steyer,Bamberg,387,SC,0.0
45,Sanders,Bamberg,277,SC,0.0
48,Warren,Bamberg,43,SC,0.0
49,Klobuchar,Bamberg,19,SC,0.0
33,Biden,Anderson,5553,SC,1.0
34,Sanders,Anderson,3121,SC,0.0
35,Steyer,Anderson,1801,SC,0.0
37,Warren,Anderson,984,SC,0.0
38,Klobuchar,Anderson,524,SC,0.0
22,Biden,Allendale,552,SC,1.0
24,Steyer,Allendale,241,SC,0.0
23,Sanders,Allendale,119,SC,0.0
26,Warren,Allendale,17,SC,0.0
27,Klobuchar,Allendale,2,SC,0.0
11,Biden,Aiken,6765,SC,1.0
12,Sanders,Aiken,3169,SC,0.0
13,Steyer,Aiken,1986,SC,0.0
15,Warren,Aiken,1030,SC,0.0
16,Klobuchar,Aiken,607,SC,0.0
0,Biden,Abbeville,1129,SC,1.0
2,Steyer,Abbeville,312,SC,0.0
1,Sanders,Abbeville,286,SC,0.0
4,Warren,Abbeville,60,SC,0.0
5,Klobuchar,Abbeville,42,SC,0.0
